interactions:
- request:
    body: null
    headers:
      Accept:
      - application/json
      Accept-Encoding:
      - gzip, deflate
      CommandName:
      - dell filesystem create
      Connection:
      - keep-alive
      ParameterSetName:
      - --resource-group --filesystem-name --location --delegated-subnet-id --delegated-subnet-cidr
        --marketplace --user --dell-reference-number --encryption --tags
      User-Agent:
      - AZURECLI/2.83.0 azsdk-python-core/1.38.0 Python/3.12.12 (Linux-6.8.0-1030-azure-x86_64-with-glibc2.41)
    method: GET
    uri: https://management.azure.com/subscriptions/00000000-0000-0000-0000-000000000000/locations?api-version=2022-12-01
  response:
    body:
      string: "{\"value\":[{\"id\":\"/subscriptions/00000000-0000-0000-0000-000000000000/locations/eastus\",\"name\":\"eastus\",\"type\":\"Region\",\"displayName\":\"East
        US\",\"regionalDisplayName\":\"(US) East US\",\"metadata\":{\"regionType\":\"Physical\",\"regionCategory\":\"Recommended\",\"geography\":\"United
        States\",\"geographyGroup\":\"US\",\"longitude\":\"-79.8164\",\"latitude\":\"37.3719\",\"physicalLocation\":\"Virginia\",\"pairedRegion\":[{\"name\":\"westus\",\"id\":\"/subscriptions/00000000-0000-0000-0000-000000000000/locations/westus\"}]},\"availabilityZoneMappings\":[{\"logicalZone\":\"1\",\"physicalZone\":\"eastus-az2\"},{\"logicalZone\":\"2\",\"physicalZone\":\"eastus-az1\"},{\"logicalZone\":\"3\",\"physicalZone\":\"eastus-az3\"}]},{\"id\":\"/subscriptions/00000000-0000-0000-0000-000000000000/locations/westus2\",\"name\":\"westus2\",\"type\":\"Region\",\"displayName\":\"West
        US 2\",\"regionalDisplayName\":\"(US) West US 2\",\"metadata\":{\"regionType\":\"Physical\",\"regionCategory\":\"Recommended\",\"geography\":\"United
        States\",\"geographyGroup\":\"US\",\"longitude\":\"-119.852\",\"latitude\":\"47.233\",\"physicalLocation\":\"Washington\",\"pairedRegion\":[{\"name\":\"westcentralus\",\"id\":\"/subscriptions/00000000-0000-0000-0000-000000000000/locations/westcentralus\"}]},\"availabilityZoneMappings\":[{\"logicalZone\":\"1\",\"physicalZone\":\"westus2-az2\"},{\"logicalZone\":\"2\",\"physicalZone\":\"westus2-az1\"},{\"logicalZone\":\"3\",\"physicalZone\":\"westus2-az3\"}]},{\"id\":\"/subscriptions/00000000-0000-0000-0000-000000000000/locations/australiaeast\",\"name\":\"australiaeast\",\"type\":\"Region\",\"displayName\":\"Australia
        East\",\"regionalDisplayName\":\"(Asia Pacific) Australia East\",\"metadata\":{\"regionType\":\"Physical\",\"regionCategory\":\"Recommended\",\"geography\":\"Australia\",\"geographyGroup\":\"Asia
        Pacific\",\"longitude\":\"151.2094\",\"latitude\":\"-33.86\",\"physicalLocation\":\"New
        South Wales\",\"pairedRegion\":[{\"name\":\"australiasoutheast\",\"id\":\"/subscriptions/00000000-0000-0000-0000-000000000000/locations/australiasoutheast\"}]},\"availabilityZoneMappings\":[{\"logicalZone\":\"1\",\"physicalZone\":\"australiaeast-az2\"},{\"logicalZone\":\"2\",\"physicalZone\":\"australiaeast-az1\"},{\"logicalZone\":\"3\",\"physicalZone\":\"australiaeast-az3\"}]},{\"id\":\"/subscriptions/00000000-0000-0000-0000-000000000000/locations/southeastasia\",\"name\":\"southeastasia\",\"type\":\"Region\",\"displayName\":\"Southeast
        Asia\",\"regionalDisplayName\":\"(Asia Pacific) Southeast Asia\",\"metadata\":{\"regionType\":\"Physical\",\"regionCategory\":\"Recommended\",\"geography\":\"Asia
        Pacific\",\"geographyGroup\":\"Asia Pacific\",\"longitude\":\"103.833\",\"latitude\":\"1.283\",\"physicalLocation\":\"Singapore\",\"pairedRegion\":[{\"name\":\"eastasia\",\"id\":\"/subscriptions/00000000-0000-0000-0000-000000000000/locations/eastasia\"}]},\"availabilityZoneMappings\":[{\"logicalZone\":\"1\",\"physicalZone\":\"southeastasia-az2\"},{\"logicalZone\":\"2\",\"physicalZone\":\"southeastasia-az1\"},{\"logicalZone\":\"3\",\"physicalZone\":\"southeastasia-az3\"}]},{\"id\":\"/subscriptions/00000000-0000-0000-0000-000000000000/locations/northeurope\",\"name\":\"northeurope\",\"type\":\"Region\",\"displayName\":\"North
        Europe\",\"regionalDisplayName\":\"(Europe) North Europe\",\"metadata\":{\"regionType\":\"Physical\",\"regionCategory\":\"Recommended\",\"geography\":\"Europe\",\"geographyGroup\":\"Europe\",\"longitude\":\"-6.2597\",\"latitude\":\"53.3478\",\"physicalLocation\":\"Ireland\",\"pairedRegion\":[{\"name\":\"westeurope\",\"id\":\"/subscriptions/00000000-0000-0000-0000-000000000000/locations/westeurope\"}]},\"availabilityZoneMappings\":[{\"logicalZone\":\"1\",\"physicalZone\":\"northeurope-az2\"},{\"logicalZone\":\"2\",\"physicalZone\":\"northeurope-az1\"},{\"logicalZone\":\"3\",\"physicalZone\":\"northeurope-az3\"}]},{\"id\":\"/subscriptions/00000000-0000-0000-0000-000000000000/locations/swedencentral\",\"name\":\"swedencentral\",\"type\":\"Region\",\"displayName\":\"Sweden
        Central\",\"regionalDisplayName\":\"(Europe) Sweden Central\",\"metadata\":{\"regionType\":\"Physical\",\"regionCategory\":\"Recommended\",\"geography\":\"Sweden\",\"geographyGroup\":\"Europe\",\"longitude\":\"17.14127\",\"latitude\":\"60.67488\",\"physicalLocation\":\"G\xE4vle\",\"pairedRegion\":[{\"name\":\"swedensouth\",\"id\":\"/subscriptions/00000000-0000-0000-0000-000000000000/locations/swedensouth\"}]},\"availabilityZoneMappings\":[{\"logicalZone\":\"1\",\"physicalZone\":\"swedencentral-az2\"},{\"logicalZone\":\"2\",\"physicalZone\":\"swedencentral-az1\"},{\"logicalZone\":\"3\",\"physicalZone\":\"swedencentral-az3\"}]},{\"id\":\"/subscriptions/00000000-0000-0000-0000-000000000000/locations/westeurope\",\"name\":\"westeurope\",\"type\":\"Region\",\"displayName\":\"West
        Europe\",\"regionalDisplayName\":\"(Europe) West Europe\",\"metadata\":{\"regionType\":\"Physical\",\"regionCategory\":\"Recommended\",\"geography\":\"Europe\",\"geographyGroup\":\"Europe\",\"longitude\":\"4.9\",\"latitude\":\"52.3667\",\"physicalLocation\":\"Netherlands\",\"pairedRegion\":[{\"name\":\"northeurope\",\"id\":\"/subscriptions/00000000-0000-0000-0000-000000000000/locations/northeurope\"}]},\"availabilityZoneMappings\":[{\"logicalZone\":\"1\",\"physicalZone\":\"westeurope-az2\"},{\"logicalZone\":\"2\",\"physicalZone\":\"westeurope-az1\"},{\"logicalZone\":\"3\",\"physicalZone\":\"westeurope-az3\"}]},{\"id\":\"/subscriptions/00000000-0000-0000-0000-000000000000/locations/uksouth\",\"name\":\"uksouth\",\"type\":\"Region\",\"displayName\":\"UK
        South\",\"regionalDisplayName\":\"(UK) UK South\",\"metadata\":{\"regionType\":\"Physical\",\"regionCategory\":\"Recommended\",\"geography\":\"United
        Kingdom\",\"geographyGroup\":\"UK\",\"longitude\":\"-0.799\",\"latitude\":\"50.941\",\"physicalLocation\":\"London\",\"pairedRegion\":[{\"name\":\"ukwest\",\"id\":\"/subscriptions/00000000-0000-0000-0000-000000000000/locations/ukwest\"}]},\"availabilityZoneMappings\":[{\"logicalZone\":\"1\",\"physicalZone\":\"uksouth-az2\"},{\"logicalZone\":\"2\",\"physicalZone\":\"uksouth-az1\"},{\"logicalZone\":\"3\",\"physicalZone\":\"uksouth-az3\"}]},{\"id\":\"/subscriptions/00000000-0000-0000-0000-000000000000/locations/centralus\",\"name\":\"centralus\",\"type\":\"Region\",\"displayName\":\"Central
        US\",\"regionalDisplayName\":\"(US) Central US\",\"metadata\":{\"regionType\":\"Physical\",\"regionCategory\":\"Recommended\",\"geography\":\"United
        States\",\"geographyGroup\":\"US\",\"longitude\":\"-93.6208\",\"latitude\":\"41.5908\",\"physicalLocation\":\"Iowa\",\"pairedRegion\":[{\"name\":\"eastus2\",\"id\":\"/subscriptions/00000000-0000-0000-0000-000000000000/locations/eastus2\"}]},\"availabilityZoneMappings\":[{\"logicalZone\":\"1\",\"physicalZone\":\"centralus-az2\"},{\"logicalZone\":\"2\",\"physicalZone\":\"centralus-az1\"},{\"logicalZone\":\"3\",\"physicalZone\":\"centralus-az3\"}]},{\"id\":\"/subscriptions/00000000-0000-0000-0000-000000000000/locations/southafricanorth\",\"name\":\"southafricanorth\",\"type\":\"Region\",\"displayName\":\"South
        Africa North\",\"regionalDisplayName\":\"(Africa) South Africa North\",\"metadata\":{\"regionType\":\"Physical\",\"regionCategory\":\"Recommended\",\"geography\":\"South
        Africa\",\"geographyGroup\":\"Africa\",\"longitude\":\"28.21837\",\"latitude\":\"-25.73134\",\"physicalLocation\":\"Johannesburg\",\"pairedRegion\":[{\"name\":\"southafricawest\",\"id\":\"/subscriptions/00000000-0000-0000-0000-000000000000/locations/southafricawest\"}]},\"availabilityZoneMappings\":[{\"logicalZone\":\"1\",\"physicalZone\":\"southafricanorth-az2\"},{\"logicalZone\":\"2\",\"physicalZone\":\"southafricanorth-az1\"},{\"logicalZone\":\"3\",\"physicalZone\":\"southafricanorth-az3\"}]},{\"id\":\"/subscriptions/00000000-0000-0000-0000-000000000000/locations/centralindia\",\"name\":\"centralindia\",\"type\":\"Region\",\"displayName\":\"Central
        India\",\"regionalDisplayName\":\"(Asia Pacific) Central India\",\"metadata\":{\"regionType\":\"Physical\",\"regionCategory\":\"Recommended\",\"geography\":\"India\",\"geographyGroup\":\"Asia
        Pacific\",\"longitude\":\"73.9197\",\"latitude\":\"18.5822\",\"physicalLocation\":\"Pune\",\"pairedRegion\":[{\"name\":\"southindia\",\"id\":\"/subscriptions/00000000-0000-0000-0000-000000000000/locations/southindia\"}]},\"availabilityZoneMappings\":[{\"logicalZone\":\"1\",\"physicalZone\":\"centralindia-az2\"},{\"logicalZone\":\"2\",\"physicalZone\":\"centralindia-az1\"},{\"logicalZone\":\"3\",\"physicalZone\":\"centralindia-az3\"}]},{\"id\":\"/subscriptions/00000000-0000-0000-0000-000000000000/locations/eastasia\",\"name\":\"eastasia\",\"type\":\"Region\",\"displayName\":\"East
        Asia\",\"regionalDisplayName\":\"(Asia Pacific) East Asia\",\"metadata\":{\"regionType\":\"Physical\",\"regionCategory\":\"Recommended\",\"geography\":\"Asia
        Pacific\",\"geographyGroup\":\"Asia Pacific\",\"longitude\":\"114.188\",\"latitude\":\"22.267\",\"physicalLocation\":\"Hong
        Kong\",\"pairedRegion\":[{\"name\":\"southeastasia\",\"id\":\"/subscriptions/00000000-0000-0000-0000-000000000000/locations/southeastasia\"}]},\"availabilityZoneMappings\":[{\"logicalZone\":\"1\",\"physicalZone\":\"eastasia-az2\"},{\"logicalZone\":\"2\",\"physicalZone\":\"eastasia-az1\"},{\"logicalZone\":\"3\",\"physicalZone\":\"eastasia-az3\"}]},{\"id\":\"/subscriptions/00000000-0000-0000-0000-000000000000/locations/indonesiacentral\",\"name\":\"indonesiacentral\",\"type\":\"Region\",\"displayName\":\"Indonesia
        Central\",\"regionalDisplayName\":\"(Asia Pacific) Indonesia Central\",\"metadata\":{\"regionType\":\"Physical\",\"regionCategory\":\"Recommended\",\"geography\":\"Indonesia\",\"geographyGroup\":\"Asia
        Pacific\",\"longitude\":\"106.816666\",\"latitude\":\"-6.2\",\"physicalLocation\":\"Jakarta\",\"pairedRegion\":[]},\"availabilityZoneMappings\":[{\"logicalZone\":\"1\",\"physicalZone\":\"indonesiacentral-az2\"},{\"logicalZone\":\"2\",\"physicalZone\":\"indonesiacentral-az1\"},{\"logicalZone\":\"3\",\"physicalZone\":\"indonesiacentral-az3\"}]},{\"id\":\"/subscriptions/00000000-0000-0000-0000-000000000000/locations/japaneast\",\"name\":\"japaneast\",\"type\":\"Region\",\"displayName\":\"Japan
        East\",\"regionalDisplayName\":\"(Asia Pacific) Japan East\",\"metadata\":{\"regionType\":\"Physical\",\"regionCategory\":\"Recommended\",\"geography\":\"Japan\",\"geographyGroup\":\"Asia
        Pacific\",\"longitude\":\"139.77\",\"latitude\":\"35.68\",\"physicalLocation\":\"Tokyo,
        Saitama\",\"pairedRegion\":[{\"name\":\"japanwest\",\"id\":\"/subscriptions/00000000-0000-0000-0000-000000000000/locations/japanwest\"}]},\"availabilityZoneMappings\":[{\"logicalZone\":\"1\",\"physicalZone\":\"japaneast-az2\"},{\"logicalZone\":\"2\",\"physicalZone\":\"japaneast-az1\"},{\"logicalZone\":\"3\",\"physicalZone\":\"japaneast-az3\"}]},{\"id\":\"/subscriptions/00000000-0000-0000-0000-000000000000/locations/japanwest\",\"name\":\"japanwest\",\"type\":\"Region\",\"displayName\":\"Japan
        West\",\"regionalDisplayName\":\"(Asia Pacific) Japan West\",\"metadata\":{\"regionType\":\"Physical\",\"regionCategory\":\"Recommended\",\"geography\":\"Japan\",\"geographyGroup\":\"Asia
        Pacific\",\"longitude\":\"135.5022\",\"latitude\":\"34.6939\",\"physicalLocation\":\"Osaka\",\"pairedRegion\":[{\"name\":\"japaneast\",\"id\":\"/subscriptions/00000000-0000-0000-0000-000000000000/locations/japaneast\"}]},\"availabilityZoneMappings\":[{\"logicalZone\":\"1\",\"physicalZone\":\"japanwest-az2\"},{\"logicalZone\":\"2\",\"physicalZone\":\"japanwest-az1\"},{\"logicalZone\":\"3\",\"physicalZone\":\"japanwest-az3\"}]},{\"id\":\"/subscriptions/00000000-0000-0000-0000-000000000000/locations/koreacentral\",\"name\":\"koreacentral\",\"type\":\"Region\",\"displayName\":\"Korea
        Central\",\"regionalDisplayName\":\"(Asia Pacific) Korea Central\",\"metadata\":{\"regionType\":\"Physical\",\"regionCategory\":\"Recommended\",\"geography\":\"Korea\",\"geographyGroup\":\"Asia
        Pacific\",\"longitude\":\"126.978\",\"latitude\":\"37.5665\",\"physicalLocation\":\"Seoul\",\"pairedRegion\":[{\"name\":\"koreasouth\",\"id\":\"/subscriptions/00000000-0000-0000-0000-000000000000/locations/koreasouth\"}]},\"availabilityZoneMappings\":[{\"logicalZone\":\"1\",\"physicalZone\":\"koreacentral-az2\"},{\"logicalZone\":\"2\",\"physicalZone\":\"koreacentral-az1\"},{\"logicalZone\":\"3\",\"physicalZone\":\"koreacentral-az3\"}]},{\"id\":\"/subscriptions/00000000-0000-0000-0000-000000000000/locations/malaysiawest\",\"name\":\"malaysiawest\",\"type\":\"Region\",\"displayName\":\"Malaysia
        West\",\"regionalDisplayName\":\"(Asia Pacific) Malaysia West\",\"metadata\":{\"regionType\":\"Physical\",\"regionCategory\":\"Recommended\",\"geography\":\"Malaysia\",\"geographyGroup\":\"Asia
        Pacific\",\"longitude\":\"101.693207\",\"latitude\":\"3.140853\",\"physicalLocation\":\"Kuala
        Lumpur\",\"pairedRegion\":[]},\"availabilityZoneMappings\":[{\"logicalZone\":\"1\",\"physicalZone\":\"malaysiawest-az2\"},{\"logicalZone\":\"2\",\"physicalZone\":\"malaysiawest-az1\"},{\"logicalZone\":\"3\",\"physicalZone\":\"malaysiawest-az3\"}]},{\"id\":\"/subscriptions/00000000-0000-0000-0000-000000000000/locations/newzealandnorth\",\"name\":\"newzealandnorth\",\"type\":\"Region\",\"displayName\":\"New
        Zealand North\",\"regionalDisplayName\":\"(Asia Pacific) New Zealand North\",\"metadata\":{\"regionType\":\"Physical\",\"regionCategory\":\"Recommended\",\"geography\":\"New
        Zealand\",\"geographyGroup\":\"Asia Pacific\",\"longitude\":\"174.76349\",\"latitude\":\"-36.84853\",\"physicalLocation\":\"Auckland\",\"pairedRegion\":[]},\"availabilityZoneMappings\":[{\"logicalZone\":\"1\",\"physicalZone\":\"newzealandnorth-az2\"},{\"logicalZone\":\"2\",\"physicalZone\":\"newzealandnorth-az1\"},{\"logicalZone\":\"3\",\"physicalZone\":\"newzealandnorth-az3\"}]},{\"id\":\"/subscriptions/00000000-0000-0000-0000-000000000000/locations/canadacentral\",\"name\":\"canadacentral\",\"type\":\"Region\",\"displayName\":\"Canada
        Central\",\"regionalDisplayName\":\"(Canada) Canada Central\",\"metadata\":{\"regionType\":\"Physical\",\"regionCategory\":\"Recommended\",\"geography\":\"Canada\",\"geographyGroup\":\"Canada\",\"longitude\":\"-79.383\",\"latitude\":\"43.653\",\"physicalLocation\":\"Toronto\",\"pairedRegion\":[{\"name\":\"canadaeast\",\"id\":\"/subscriptions/00000000-0000-0000-0000-000000000000/locations/canadaeast\"}]},\"availabilityZoneMappings\":[{\"logicalZone\":\"1\",\"physicalZone\":\"canadacentral-az2\"},{\"logicalZone\":\"2\",\"physicalZone\":\"canadacentral-az1\"},{\"logicalZone\":\"3\",\"physicalZone\":\"canadacentral-az3\"}]},{\"id\":\"/subscriptions/00000000-0000-0000-0000-000000000000/locations/austriaeast\",\"name\":\"austriaeast\",\"type\":\"Region\",\"displayName\":\"Austria
        East\",\"regionalDisplayName\":\"(Europe) Austria East\",\"metadata\":{\"regionType\":\"Physical\",\"regionCategory\":\"Recommended\",\"geography\":\"Austria\",\"geographyGroup\":\"Europe\",\"longitude\":\"16.3727779\",\"latitude\":\"48.2092056\",\"physicalLocation\":\"Vienna\",\"pairedRegion\":[]},\"availabilityZoneMappings\":[{\"logicalZone\":\"1\",\"physicalZone\":\"austriaeast-az2\"},{\"logicalZone\":\"2\",\"physicalZone\":\"austriaeast-az1\"},{\"logicalZone\":\"3\",\"physicalZone\":\"austriaeast-az3\"}]},{\"id\":\"/subscriptions/00000000-0000-0000-0000-000000000000/locations/belgiumcentral\",\"name\":\"belgiumcentral\",\"type\":\"Region\",\"displayName\":\"Belgium
        Central\",\"regionalDisplayName\":\"(Europe) Belgium Central\",\"metadata\":{\"regionType\":\"Physical\",\"regionCategory\":\"Recommended\",\"geography\":\"Belgium\",\"geographyGroup\":\"Europe\",\"longitude\":\"4.355707169\",\"latitude\":\"50.84553528\",\"physicalLocation\":\"Brussels\",\"pairedRegion\":[]},\"availabilityZoneMappings\":[{\"logicalZone\":\"1\",\"physicalZone\":\"belgiumcentral-az2\"},{\"logicalZone\":\"2\",\"physicalZone\":\"belgiumcentral-az1\"},{\"logicalZone\":\"3\",\"physicalZone\":\"belgiumcentral-az3\"}]},{\"id\":\"/subscriptions/00000000-0000-0000-0000-000000000000/locations/francecentral\",\"name\":\"francecentral\",\"type\":\"Region\",\"displayName\":\"France
        Central\",\"regionalDisplayName\":\"(Europe) France Central\",\"metadata\":{\"regionType\":\"Physical\",\"regionCategory\":\"Recommended\",\"geography\":\"France\",\"geographyGroup\":\"Europe\",\"longitude\":\"2.373\",\"latitude\":\"46.3772\",\"physicalLocation\":\"Paris\",\"pairedRegion\":[{\"name\":\"francesouth\",\"id\":\"/subscriptions/00000000-0000-0000-0000-000000000000/locations/francesouth\"}]},\"availabilityZoneMappings\":[{\"logicalZone\":\"1\",\"physicalZone\":\"francecentral-az2\"},{\"logicalZone\":\"2\",\"physicalZone\":\"francecentral-az1\"},{\"logicalZone\":\"3\",\"physicalZone\":\"francecentral-az3\"}]},{\"id\":\"/subscriptions/00000000-0000-0000-0000-000000000000/locations/germanywestcentral\",\"name\":\"germanywestcentral\",\"type\":\"Region\",\"displayName\":\"Germany
        West Central\",\"regionalDisplayName\":\"(Europe) Germany West Central\",\"metadata\":{\"regionType\":\"Physical\",\"regionCategory\":\"Recommended\",\"geography\":\"Germany\",\"geographyGroup\":\"Europe\",\"longitude\":\"8.682127\",\"latitude\":\"50.110924\",\"physicalLocation\":\"Frankfurt\",\"pairedRegion\":[{\"name\":\"germanynorth\",\"id\":\"/subscriptions/00000000-0000-0000-0000-000000000000/locations/germanynorth\"}]},\"availabilityZoneMappings\":[{\"logicalZone\":\"1\",\"physicalZone\":\"germanywestcentral-az2\"},{\"logicalZone\":\"2\",\"physicalZone\":\"germanywestcentral-az1\"},{\"logicalZone\":\"3\",\"physicalZone\":\"germanywestcentral-az3\"}]},{\"id\":\"/subscriptions/00000000-0000-0000-0000-000000000000/locations/italynorth\",\"name\":\"italynorth\",\"type\":\"Region\",\"displayName\":\"Italy
        North\",\"regionalDisplayName\":\"(Europe) Italy North\",\"metadata\":{\"regionType\":\"Physical\",\"regionCategory\":\"Recommended\",\"geography\":\"Italy\",\"geographyGroup\":\"Europe\",\"longitude\":\"9.18109\",\"latitude\":\"45.46888\",\"physicalLocation\":\"Milan\",\"pairedRegion\":[]},\"availabilityZoneMappings\":[{\"logicalZone\":\"1\",\"physicalZone\":\"italynorth-az2\"},{\"logicalZone\":\"2\",\"physicalZone\":\"italynorth-az1\"},{\"logicalZone\":\"3\",\"physicalZone\":\"italynorth-az3\"}]},{\"id\":\"/subscriptions/00000000-0000-0000-0000-000000000000/locations/norwayeast\",\"name\":\"norwayeast\",\"type\":\"Region\",\"displayName\":\"Norway
        East\",\"regionalDisplayName\":\"(Europe) Norway East\",\"metadata\":{\"regionType\":\"Physical\",\"regionCategory\":\"Recommended\",\"geography\":\"Norway\",\"geographyGroup\":\"Europe\",\"longitude\":\"10.752245\",\"latitude\":\"59.913868\",\"physicalLocation\":\"Norway\",\"pairedRegion\":[{\"name\":\"norwaywest\",\"id\":\"/subscriptions/00000000-0000-0000-0000-000000000000/locations/norwaywest\"}]},\"availabilityZoneMappings\":[{\"logicalZone\":\"1\",\"physicalZone\":\"norwayeast-az2\"},{\"logicalZone\":\"2\",\"physicalZone\":\"norwayeast-az1\"},{\"logicalZone\":\"3\",\"physicalZone\":\"norwayeast-az3\"}]},{\"id\":\"/subscriptions/00000000-0000-0000-0000-000000000000/locations/polandcentral\",\"name\":\"polandcentral\",\"type\":\"Region\",\"displayName\":\"Poland
        Central\",\"regionalDisplayName\":\"(Europe) Poland Central\",\"metadata\":{\"regionType\":\"Physical\",\"regionCategory\":\"Recommended\",\"geography\":\"Poland\",\"geographyGroup\":\"Europe\",\"longitude\":\"21.01666\",\"latitude\":\"52.23334\",\"physicalLocation\":\"Warsaw\",\"pairedRegion\":[]},\"availabilityZoneMappings\":[{\"logicalZone\":\"1\",\"physicalZone\":\"polandcentral-az2\"},{\"logicalZone\":\"2\",\"physicalZone\":\"polandcentral-az1\"},{\"logicalZone\":\"3\",\"physicalZone\":\"polandcentral-az3\"}]},{\"id\":\"/subscriptions/00000000-0000-0000-0000-000000000000/locations/spaincentral\",\"name\":\"spaincentral\",\"type\":\"Region\",\"displayName\":\"Spain
        Central\",\"regionalDisplayName\":\"(Europe) Spain Central\",\"metadata\":{\"regionType\":\"Physical\",\"regionCategory\":\"Recommended\",\"geography\":\"Spain\",\"geographyGroup\":\"Europe\",\"longitude\":\"3.4209\",\"latitude\":\"40.4259\",\"physicalLocation\":\"Madrid\",\"pairedRegion\":[]},\"availabilityZoneMappings\":[{\"logicalZone\":\"1\",\"physicalZone\":\"spaincentral-az2\"},{\"logicalZone\":\"2\",\"physicalZone\":\"spaincentral-az1\"},{\"logicalZone\":\"3\",\"physicalZone\":\"spaincentral-az3\"}]},{\"id\":\"/subscriptions/00000000-0000-0000-0000-000000000000/locations/switzerlandnorth\",\"name\":\"switzerlandnorth\",\"type\":\"Region\",\"displayName\":\"Switzerland
        North\",\"regionalDisplayName\":\"(Europe) Switzerland North\",\"metadata\":{\"regionType\":\"Physical\",\"regionCategory\":\"Recommended\",\"geography\":\"Switzerland\",\"geographyGroup\":\"Europe\",\"longitude\":\"8.564572\",\"latitude\":\"47.451542\",\"physicalLocation\":\"Zurich\",\"pairedRegion\":[{\"name\":\"switzerlandwest\",\"id\":\"/subscriptions/00000000-0000-0000-0000-000000000000/locations/switzerlandwest\"}]},\"availabilityZoneMappings\":[{\"logicalZone\":\"1\",\"physicalZone\":\"switzerlandnorth-az2\"},{\"logicalZone\":\"2\",\"physicalZone\":\"switzerlandnorth-az1\"},{\"logicalZone\":\"3\",\"physicalZone\":\"switzerlandnorth-az3\"}]},{\"id\":\"/subscriptions/00000000-0000-0000-0000-000000000000/locations/mexicocentral\",\"name\":\"mexicocentral\",\"type\":\"Region\",\"displayName\":\"Mexico
        Central\",\"regionalDisplayName\":\"(Mexico) Mexico Central\",\"metadata\":{\"regionType\":\"Physical\",\"regionCategory\":\"Recommended\",\"geography\":\"Mexico\",\"geographyGroup\":\"Mexico\",\"longitude\":\"-100.389888\",\"latitude\":\"20.588818\",\"physicalLocation\":\"Quer\xE9taro
        State\",\"pairedRegion\":[]},\"availabilityZoneMappings\":[{\"logicalZone\":\"1\",\"physicalZone\":\"mexicocentral-az2\"},{\"logicalZone\":\"2\",\"physicalZone\":\"mexicocentral-az1\"},{\"logicalZone\":\"3\",\"physicalZone\":\"mexicocentral-az3\"}]},{\"id\":\"/subscriptions/00000000-0000-0000-0000-000000000000/locations/uaenorth\",\"name\":\"uaenorth\",\"type\":\"Region\",\"displayName\":\"UAE
        North\",\"regionalDisplayName\":\"(Middle East) UAE North\",\"metadata\":{\"regionType\":\"Physical\",\"regionCategory\":\"Recommended\",\"geography\":\"UAE\",\"geographyGroup\":\"Middle
        East\",\"longitude\":\"55.316666\",\"latitude\":\"25.266666\",\"physicalLocation\":\"Dubai\",\"pairedRegion\":[{\"name\":\"uaecentral\",\"id\":\"/subscriptions/00000000-0000-0000-0000-000000000000/locations/uaecentral\"}]},\"availabilityZoneMappings\":[{\"logicalZone\":\"1\",\"physicalZone\":\"uaenorth-az2\"},{\"logicalZone\":\"2\",\"physicalZone\":\"uaenorth-az1\"},{\"logicalZone\":\"3\",\"physicalZone\":\"uaenorth-az3\"}]},{\"id\":\"/subscriptions/00000000-0000-0000-0000-000000000000/locations/brazilsouth\",\"name\":\"brazilsouth\",\"type\":\"Region\",\"displayName\":\"Brazil
        South\",\"regionalDisplayName\":\"(South America) Brazil South\",\"metadata\":{\"regionType\":\"Physical\",\"regionCategory\":\"Recommended\",\"geography\":\"Brazil\",\"geographyGroup\":\"South
        America\",\"longitude\":\"-46.633\",\"latitude\":\"-23.55\",\"physicalLocation\":\"Sao
        Paulo State\",\"pairedRegion\":[{\"name\":\"southcentralus\",\"id\":\"/subscriptions/00000000-0000-0000-0000-000000000000/locations/southcentralus\"}]},\"availabilityZoneMappings\":[{\"logicalZone\":\"1\",\"physicalZone\":\"brazilsouth-az2\"},{\"logicalZone\":\"2\",\"physicalZone\":\"brazilsouth-az1\"},{\"logicalZone\":\"3\",\"physicalZone\":\"brazilsouth-az3\"}]},{\"id\":\"/subscriptions/00000000-0000-0000-0000-000000000000/locations/chilecentral\",\"name\":\"chilecentral\",\"type\":\"Region\",\"displayName\":\"Chile
        Central\",\"regionalDisplayName\":\"(South America) Chile Central\",\"metadata\":{\"regionType\":\"Physical\",\"regionCategory\":\"Recommended\",\"geography\":\"Chile\",\"geographyGroup\":\"South
        America\",\"longitude\":\"-70.673676\",\"latitude\":\"-33.447487\",\"physicalLocation\":\"Santiago\",\"pairedRegion\":[]},\"availabilityZoneMappings\":[{\"logicalZone\":\"1\",\"physicalZone\":\"chilecentral-az2\"},{\"logicalZone\":\"2\",\"physicalZone\":\"chilecentral-az1\"},{\"logicalZone\":\"3\",\"physicalZone\":\"chilecentral-az3\"}]},{\"id\":\"/subscriptions/00000000-0000-0000-0000-000000000000/locations/eastus2euap\",\"name\":\"eastus2euap\",\"type\":\"Region\",\"displayName\":\"East
        US 2 EUAP\",\"regionalDisplayName\":\"(US) East US 2 EUAP\",\"metadata\":{\"regionType\":\"Physical\",\"regionCategory\":\"Recommended\",\"geography\":\"Canary
        (US)\",\"geographyGroup\":\"US\",\"longitude\":\"-78.3889\",\"latitude\":\"36.6681\",\"physicalLocation\":\"\",\"pairedRegion\":[{\"name\":\"centraluseuap\",\"id\":\"/subscriptions/00000000-0000-0000-0000-000000000000/locations/centraluseuap\"}]},\"availabilityZoneMappings\":[{\"logicalZone\":\"1\",\"physicalZone\":\"eastus2euap-az2\"},{\"logicalZone\":\"2\",\"physicalZone\":\"eastus2euap-az1\"},{\"logicalZone\":\"3\",\"physicalZone\":\"eastus2euap-az3\"},{\"logicalZone\":\"4\",\"physicalZone\":\"eastus2euap-az4\"}]},{\"id\":\"/subscriptions/00000000-0000-0000-0000-000000000000/locations/israelcentral\",\"name\":\"israelcentral\",\"type\":\"Region\",\"displayName\":\"Israel
        Central\",\"regionalDisplayName\":\"(Middle East) Israel Central\",\"metadata\":{\"regionType\":\"Physical\",\"regionCategory\":\"Recommended\",\"geography\":\"Israel\",\"geographyGroup\":\"Middle
        East\",\"longitude\":\"33.4506633\",\"latitude\":\"31.2655698\",\"physicalLocation\":\"Israel\",\"pairedRegion\":[]},\"availabilityZoneMappings\":[{\"logicalZone\":\"1\",\"physicalZone\":\"israelcentral-az2\"},{\"logicalZone\":\"2\",\"physicalZone\":\"israelcentral-az1\"},{\"logicalZone\":\"3\",\"physicalZone\":\"israelcentral-az3\"}]},{\"id\":\"/subscriptions/00000000-0000-0000-0000-000000000000/locations/qatarcentral\",\"name\":\"qatarcentral\",\"type\":\"Region\",\"displayName\":\"Qatar
        Central\",\"regionalDisplayName\":\"(Middle East) Qatar Central\",\"metadata\":{\"regionType\":\"Physical\",\"regionCategory\":\"Recommended\",\"geography\":\"Qatar\",\"geographyGroup\":\"Middle
        East\",\"longitude\":\"51.439327\",\"latitude\":\"25.551462\",\"physicalLocation\":\"Doha\",\"pairedRegion\":[]},\"availabilityZoneMappings\":[{\"logicalZone\":\"1\",\"physicalZone\":\"qatarcentral-az2\"},{\"logicalZone\":\"2\",\"physicalZone\":\"qatarcentral-az1\"},{\"logicalZone\":\"3\",\"physicalZone\":\"qatarcentral-az3\"}]},{\"id\":\"/subscriptions/00000000-0000-0000-0000-000000000000/locations/centralusstage\",\"name\":\"centralusstage\",\"type\":\"Region\",\"displayName\":\"Central
        US (Stage)\",\"regionalDisplayName\":\"(US) Central US (Stage)\",\"metadata\":{\"regionType\":\"Logical\",\"regionCategory\":\"Other\",\"geography\":\"usa\",\"geographyGroup\":\"US\"}},{\"id\":\"/subscriptions/00000000-0000-0000-0000-000000000000/locations/eastusstage\",\"name\":\"eastusstage\",\"type\":\"Region\",\"displayName\":\"East
        US (Stage)\",\"regionalDisplayName\":\"(US) East US (Stage)\",\"metadata\":{\"regionType\":\"Logical\",\"regionCategory\":\"Other\",\"geography\":\"usa\",\"geographyGroup\":\"US\"}},{\"id\":\"/subscriptions/00000000-0000-0000-0000-000000000000/locations/eastus2stage\",\"name\":\"eastus2stage\",\"type\":\"Region\",\"displayName\":\"East
        US 2 (Stage)\",\"regionalDisplayName\":\"(US) East US 2 (Stage)\",\"metadata\":{\"regionType\":\"Logical\",\"regionCategory\":\"Other\",\"geography\":\"usa\",\"geographyGroup\":\"US\"}},{\"id\":\"/subscriptions/00000000-0000-0000-0000-000000000000/locations/northcentralusstage\",\"name\":\"northcentralusstage\",\"type\":\"Region\",\"displayName\":\"North
        Central US (Stage)\",\"regionalDisplayName\":\"(US) North Central US (Stage)\",\"metadata\":{\"regionType\":\"Logical\",\"regionCategory\":\"Other\",\"geography\":\"usa\",\"geographyGroup\":\"US\"}},{\"id\":\"/subscriptions/00000000-0000-0000-0000-000000000000/locations/southcentralusstage\",\"name\":\"southcentralusstage\",\"type\":\"Region\",\"displayName\":\"South
        Central US (Stage)\",\"regionalDisplayName\":\"(US) South Central US (Stage)\",\"metadata\":{\"regionType\":\"Logical\",\"regionCategory\":\"Other\",\"geography\":\"usa\",\"geographyGroup\":\"US\"}},{\"id\":\"/subscriptions/00000000-0000-0000-0000-000000000000/locations/westusstage\",\"name\":\"westusstage\",\"type\":\"Region\",\"displayName\":\"West
        US (Stage)\",\"regionalDisplayName\":\"(US) West US (Stage)\",\"metadata\":{\"regionType\":\"Logical\",\"regionCategory\":\"Other\",\"geography\":\"usa\",\"geographyGroup\":\"US\"}},{\"id\":\"/subscriptions/00000000-0000-0000-0000-000000000000/locations/westus2stage\",\"name\":\"westus2stage\",\"type\":\"Region\",\"displayName\":\"West
        US 2 (Stage)\",\"regionalDisplayName\":\"(US) West US 2 (Stage)\",\"metadata\":{\"regionType\":\"Logical\",\"regionCategory\":\"Other\",\"geography\":\"usa\",\"geographyGroup\":\"US\"}},{\"id\":\"/subscriptions/00000000-0000-0000-0000-000000000000/locations/asia\",\"name\":\"asia\",\"type\":\"Region\",\"displayName\":\"Asia\",\"regionalDisplayName\":\"Asia\",\"metadata\":{\"regionType\":\"Logical\",\"regionCategory\":\"Other\"}},{\"id\":\"/subscriptions/00000000-0000-0000-0000-000000000000/locations/asiapacific\",\"name\":\"asiapacific\",\"type\":\"Region\",\"displayName\":\"Asia
        Pacific\",\"regionalDisplayName\":\"Asia Pacific\",\"metadata\":{\"regionType\":\"Logical\",\"regionCategory\":\"Other\"}},{\"id\":\"/subscriptions/00000000-0000-0000-0000-000000000000/locations/australia\",\"name\":\"australia\",\"type\":\"Region\",\"displayName\":\"Australia\",\"regionalDisplayName\":\"Australia\",\"metadata\":{\"regionType\":\"Logical\",\"regionCategory\":\"Other\"}},{\"id\":\"/subscriptions/00000000-0000-0000-0000-000000000000/locations/brazil\",\"name\":\"brazil\",\"type\":\"Region\",\"displayName\":\"Brazil\",\"regionalDisplayName\":\"Brazil\",\"metadata\":{\"regionType\":\"Logical\",\"regionCategory\":\"Other\"}},{\"id\":\"/subscriptions/00000000-0000-0000-0000-000000000000/locations/canada\",\"name\":\"canada\",\"type\":\"Region\",\"displayName\":\"Canada\",\"regionalDisplayName\":\"Canada\",\"metadata\":{\"regionType\":\"Logical\",\"regionCategory\":\"Other\"}},{\"id\":\"/subscriptions/00000000-0000-0000-0000-000000000000/locations/europe\",\"name\":\"europe\",\"type\":\"Region\",\"displayName\":\"Europe\",\"regionalDisplayName\":\"Europe\",\"metadata\":{\"regionType\":\"Logical\",\"regionCategory\":\"Other\"}},{\"id\":\"/subscriptions/00000000-0000-0000-0000-000000000000/locations/france\",\"name\":\"france\",\"type\":\"Region\",\"displayName\":\"France\",\"regionalDisplayName\":\"France\",\"metadata\":{\"regionType\":\"Logical\",\"regionCategory\":\"Other\"}},{\"id\":\"/subscriptions/00000000-0000-0000-0000-000000000000/locations/germany\",\"name\":\"germany\",\"type\":\"Region\",\"displayName\":\"Germany\",\"regionalDisplayName\":\"Germany\",\"metadata\":{\"regionType\":\"Logical\",\"regionCategory\":\"Other\"}},{\"id\":\"/subscriptions/00000000-0000-0000-0000-000000000000/locations/global\",\"name\":\"global\",\"type\":\"Region\",\"displayName\":\"Global\",\"regionalDisplayName\":\"Global\",\"metadata\":{\"regionType\":\"Logical\",\"regionCategory\":\"Other\"}},{\"id\":\"/subscriptions/00000000-0000-0000-0000-000000000000/locations/india\",\"name\":\"india\",\"type\":\"Region\",\"displayName\":\"India\",\"regionalDisplayName\":\"India\",\"metadata\":{\"regionType\":\"Logical\",\"regionCategory\":\"Other\"}},{\"id\":\"/subscriptions/00000000-0000-0000-0000-000000000000/locations/indonesia\",\"name\":\"indonesia\",\"type\":\"Region\",\"displayName\":\"Indonesia\",\"regionalDisplayName\":\"Indonesia\",\"metadata\":{\"regionType\":\"Logical\",\"regionCategory\":\"Other\"}},{\"id\":\"/subscriptions/00000000-0000-0000-0000-000000000000/locations/israel\",\"name\":\"israel\",\"type\":\"Region\",\"displayName\":\"Israel\",\"regionalDisplayName\":\"Israel\",\"metadata\":{\"regionType\":\"Logical\",\"regionCategory\":\"Other\"}},{\"id\":\"/subscriptions/00000000-0000-0000-0000-000000000000/locations/italy\",\"name\":\"italy\",\"type\":\"Region\",\"displayName\":\"Italy\",\"regionalDisplayName\":\"Italy\",\"metadata\":{\"regionType\":\"Logical\",\"regionCategory\":\"Other\"}},{\"id\":\"/subscriptions/00000000-0000-0000-0000-000000000000/locations/japan\",\"name\":\"japan\",\"type\":\"Region\",\"displayName\":\"Japan\",\"regionalDisplayName\":\"Japan\",\"metadata\":{\"regionType\":\"Logical\",\"regionCategory\":\"Other\"}},{\"id\":\"/subscriptions/00000000-0000-0000-0000-000000000000/locations/korea\",\"name\":\"korea\",\"type\":\"Region\",\"displayName\":\"Korea\",\"regionalDisplayName\":\"Korea\",\"metadata\":{\"regionType\":\"Logical\",\"regionCategory\":\"Other\"}},{\"id\":\"/subscriptions/00000000-0000-0000-0000-000000000000/locations/malaysia\",\"name\":\"malaysia\",\"type\":\"Region\",\"displayName\":\"Malaysia\",\"regionalDisplayName\":\"Malaysia\",\"metadata\":{\"regionType\":\"Logical\",\"regionCategory\":\"Other\"}},{\"id\":\"/subscriptions/00000000-0000-0000-0000-000000000000/locations/mexico\",\"name\":\"mexico\",\"type\":\"Region\",\"displayName\":\"Mexico\",\"regionalDisplayName\":\"Mexico\",\"metadata\":{\"regionType\":\"Logical\",\"regionCategory\":\"Other\"}},{\"id\":\"/subscriptions/00000000-0000-0000-0000-000000000000/locations/newzealand\",\"name\":\"newzealand\",\"type\":\"Region\",\"displayName\":\"New
        Zealand\",\"regionalDisplayName\":\"New Zealand\",\"metadata\":{\"regionType\":\"Logical\",\"regionCategory\":\"Other\"}},{\"id\":\"/subscriptions/00000000-0000-0000-0000-000000000000/locations/norway\",\"name\":\"norway\",\"type\":\"Region\",\"displayName\":\"Norway\",\"regionalDisplayName\":\"Norway\",\"metadata\":{\"regionType\":\"Logical\",\"regionCategory\":\"Other\"}},{\"id\":\"/subscriptions/00000000-0000-0000-0000-000000000000/locations/poland\",\"name\":\"poland\",\"type\":\"Region\",\"displayName\":\"Poland\",\"regionalDisplayName\":\"Poland\",\"metadata\":{\"regionType\":\"Logical\",\"regionCategory\":\"Other\"}},{\"id\":\"/subscriptions/00000000-0000-0000-0000-000000000000/locations/qatar\",\"name\":\"qatar\",\"type\":\"Region\",\"displayName\":\"Qatar\",\"regionalDisplayName\":\"Qatar\",\"metadata\":{\"regionType\":\"Logical\",\"regionCategory\":\"Other\"}},{\"id\":\"/subscriptions/00000000-0000-0000-0000-000000000000/locations/singapore\",\"name\":\"singapore\",\"type\":\"Region\",\"displayName\":\"Singapore\",\"regionalDisplayName\":\"Singapore\",\"metadata\":{\"regionType\":\"Logical\",\"regionCategory\":\"Other\"}},{\"id\":\"/subscriptions/00000000-0000-0000-0000-000000000000/locations/southafrica\",\"name\":\"southafrica\",\"type\":\"Region\",\"displayName\":\"South
        Africa\",\"regionalDisplayName\":\"South Africa\",\"metadata\":{\"regionType\":\"Logical\",\"regionCategory\":\"Other\"}},{\"id\":\"/subscriptions/00000000-0000-0000-0000-000000000000/locations/spain\",\"name\":\"spain\",\"type\":\"Region\",\"displayName\":\"Spain\",\"regionalDisplayName\":\"Spain\",\"metadata\":{\"regionType\":\"Logical\",\"regionCategory\":\"Other\"}},{\"id\":\"/subscriptions/00000000-0000-0000-0000-000000000000/locations/sweden\",\"name\":\"sweden\",\"type\":\"Region\",\"displayName\":\"Sweden\",\"regionalDisplayName\":\"Sweden\",\"metadata\":{\"regionType\":\"Logical\",\"regionCategory\":\"Other\"}},{\"id\":\"/subscriptions/00000000-0000-0000-0000-000000000000/locations/switzerland\",\"name\":\"switzerland\",\"type\":\"Region\",\"displayName\":\"Switzerland\",\"regionalDisplayName\":\"Switzerland\",\"metadata\":{\"regionType\":\"Logical\",\"regionCategory\":\"Other\"}},{\"id\":\"/subscriptions/00000000-0000-0000-0000-000000000000/locations/taiwan\",\"name\":\"taiwan\",\"type\":\"Region\",\"displayName\":\"Taiwan\",\"regionalDisplayName\":\"Taiwan\",\"metadata\":{\"regionType\":\"Logical\",\"regionCategory\":\"Other\"}},{\"id\":\"/subscriptions/00000000-0000-0000-0000-000000000000/locations/uae\",\"name\":\"uae\",\"type\":\"Region\",\"displayName\":\"United
        Arab Emirates\",\"regionalDisplayName\":\"United Arab Emirates\",\"metadata\":{\"regionType\":\"Logical\",\"regionCategory\":\"Other\"}},{\"id\":\"/subscriptions/00000000-0000-0000-0000-000000000000/locations/uk\",\"name\":\"uk\",\"type\":\"Region\",\"displayName\":\"United
        Kingdom\",\"regionalDisplayName\":\"United Kingdom\",\"metadata\":{\"regionType\":\"Logical\",\"regionCategory\":\"Other\"}},{\"id\":\"/subscriptions/00000000-0000-0000-0000-000000000000/locations/unitedstates\",\"name\":\"unitedstates\",\"type\":\"Region\",\"displayName\":\"United
        States\",\"regionalDisplayName\":\"United States\",\"metadata\":{\"regionType\":\"Logical\",\"regionCategory\":\"Other\"}},{\"id\":\"/subscriptions/00000000-0000-0000-0000-000000000000/locations/unitedstateseuap\",\"name\":\"unitedstateseuap\",\"type\":\"Region\",\"displayName\":\"United
        States EUAP\",\"regionalDisplayName\":\"United States EUAP\",\"metadata\":{\"regionType\":\"Logical\",\"regionCategory\":\"Other\"}},{\"id\":\"/subscriptions/00000000-0000-0000-0000-000000000000/locations/eastasiastage\",\"name\":\"eastasiastage\",\"type\":\"Region\",\"displayName\":\"East
        Asia (Stage)\",\"regionalDisplayName\":\"(Asia Pacific) East Asia (Stage)\",\"metadata\":{\"regionType\":\"Logical\",\"regionCategory\":\"Other\",\"geography\":\"asia\",\"geographyGroup\":\"Asia
        Pacific\"}},{\"id\":\"/subscriptions/00000000-0000-0000-0000-000000000000/locations/southeastasiastage\",\"name\":\"southeastasiastage\",\"type\":\"Region\",\"displayName\":\"Southeast
        Asia (Stage)\",\"regionalDisplayName\":\"(Asia Pacific) Southeast Asia (Stage)\",\"metadata\":{\"regionType\":\"Logical\",\"regionCategory\":\"Other\",\"geography\":\"asia\",\"geographyGroup\":\"Asia
        Pacific\"}},{\"id\":\"/subscriptions/00000000-0000-0000-0000-000000000000/locations/eastus2\",\"name\":\"eastus2\",\"type\":\"Region\",\"displayName\":\"East
        US 2\",\"regionalDisplayName\":\"(US) East US 2\",\"metadata\":{\"regionType\":\"Physical\",\"regionCategory\":\"Other\",\"geography\":\"United
        States\",\"geographyGroup\":\"US\",\"longitude\":\"-78.3889\",\"latitude\":\"36.6681\",\"physicalLocation\":\"Virginia\",\"pairedRegion\":[{\"name\":\"centralus\",\"id\":\"/subscriptions/00000000-0000-0000-0000-000000000000/locations/centralus\"}]},\"availabilityZoneMappings\":[{\"logicalZone\":\"1\",\"physicalZone\":\"eastus2-az2\"},{\"logicalZone\":\"2\",\"physicalZone\":\"eastus2-az1\"},{\"logicalZone\":\"3\",\"physicalZone\":\"eastus2-az3\"}]},{\"id\":\"/subscriptions/00000000-0000-0000-0000-000000000000/locations/eastusstg\",\"name\":\"eastusstg\",\"type\":\"Region\",\"displayName\":\"East
        US STG\",\"regionalDisplayName\":\"(US) East US STG\",\"metadata\":{\"regionType\":\"Physical\",\"regionCategory\":\"Other\",\"geography\":\"Stage
        (US)\",\"geographyGroup\":\"US\",\"longitude\":\"-79.8164\",\"latitude\":\"37.3719\",\"physicalLocation\":\"Virginia\",\"pairedRegion\":[{\"name\":\"southcentralusstg\",\"id\":\"/subscriptions/00000000-0000-0000-0000-000000000000/locations/southcentralusstg\"}]}},{\"id\":\"/subscriptions/00000000-0000-0000-0000-000000000000/locations/southcentralus\",\"name\":\"southcentralus\",\"type\":\"Region\",\"displayName\":\"South
        Central US\",\"regionalDisplayName\":\"(US) South Central US\",\"metadata\":{\"regionType\":\"Physical\",\"regionCategory\":\"Other\",\"geography\":\"United
        States\",\"geographyGroup\":\"US\",\"longitude\":\"-98.5\",\"latitude\":\"29.4167\",\"physicalLocation\":\"Texas\",\"pairedRegion\":[{\"name\":\"northcentralus\",\"id\":\"/subscriptions/00000000-0000-0000-0000-000000000000/locations/northcentralus\"}]},\"availabilityZoneMappings\":[{\"logicalZone\":\"1\",\"physicalZone\":\"southcentralus-az2\"},{\"logicalZone\":\"2\",\"physicalZone\":\"southcentralus-az1\"},{\"logicalZone\":\"3\",\"physicalZone\":\"southcentralus-az3\"}]},{\"id\":\"/subscriptions/00000000-0000-0000-0000-000000000000/locations/westus3\",\"name\":\"westus3\",\"type\":\"Region\",\"displayName\":\"West
        US 3\",\"regionalDisplayName\":\"(US) West US 3\",\"metadata\":{\"regionType\":\"Physical\",\"regionCategory\":\"Other\",\"geography\":\"United
        States\",\"geographyGroup\":\"US\",\"longitude\":\"-112.074036\",\"latitude\":\"33.448376\",\"physicalLocation\":\"Phoenix\",\"pairedRegion\":[{\"name\":\"eastus\",\"id\":\"/subscriptions/00000000-0000-0000-0000-000000000000/locations/eastus\"}]},\"availabilityZoneMappings\":[{\"logicalZone\":\"1\",\"physicalZone\":\"westus3-az2\"},{\"logicalZone\":\"2\",\"physicalZone\":\"westus3-az1\"},{\"logicalZone\":\"3\",\"physicalZone\":\"westus3-az3\"}]},{\"id\":\"/subscriptions/00000000-0000-0000-0000-000000000000/locations/northcentralus\",\"name\":\"northcentralus\",\"type\":\"Region\",\"displayName\":\"North
        Central US\",\"regionalDisplayName\":\"(US) North Central US\",\"metadata\":{\"regionType\":\"Physical\",\"regionCategory\":\"Other\",\"geography\":\"United
        States\",\"geographyGroup\":\"US\",\"longitude\":\"-87.6278\",\"latitude\":\"41.8819\",\"physicalLocation\":\"Illinois\",\"pairedRegion\":[{\"name\":\"southcentralus\",\"id\":\"/subscriptions/00000000-0000-0000-0000-000000000000/locations/southcentralus\"}]}},{\"id\":\"/subscriptions/00000000-0000-0000-0000-000000000000/locations/westus\",\"name\":\"westus\",\"type\":\"Region\",\"displayName\":\"West
        US\",\"regionalDisplayName\":\"(US) West US\",\"metadata\":{\"regionType\":\"Physical\",\"regionCategory\":\"Other\",\"geography\":\"United
        States\",\"geographyGroup\":\"US\",\"longitude\":\"-122.417\",\"latitude\":\"37.783\",\"physicalLocation\":\"California\",\"pairedRegion\":[{\"name\":\"eastus\",\"id\":\"/subscriptions/00000000-0000-0000-0000-000000000000/locations/eastus\"}]}},{\"id\":\"/subscriptions/00000000-0000-0000-0000-000000000000/locations/jioindiawest\",\"name\":\"jioindiawest\",\"type\":\"Region\",\"displayName\":\"Jio
        India West\",\"regionalDisplayName\":\"(Asia Pacific) Jio India West\",\"metadata\":{\"regionType\":\"Physical\",\"regionCategory\":\"Other\",\"geography\":\"India\",\"geographyGroup\":\"Asia
        Pacific\",\"longitude\":\"70.05773\",\"latitude\":\"22.470701\",\"physicalLocation\":\"Jamnagar\",\"pairedRegion\":[{\"name\":\"jioindiacentral\",\"id\":\"/subscriptions/00000000-0000-0000-0000-000000000000/locations/jioindiacentral\"}]}},{\"id\":\"/subscriptions/00000000-0000-0000-0000-000000000000/locations/centraluseuap\",\"name\":\"centraluseuap\",\"type\":\"Region\",\"displayName\":\"Central
        US EUAP\",\"regionalDisplayName\":\"(US) Central US EUAP\",\"metadata\":{\"regionType\":\"Physical\",\"regionCategory\":\"Other\",\"geography\":\"Canary
        (US)\",\"geographyGroup\":\"US\",\"longitude\":\"-93.6208\",\"latitude\":\"41.5908\",\"physicalLocation\":\"\",\"pairedRegion\":[{\"name\":\"eastus2euap\",\"id\":\"/subscriptions/00000000-0000-0000-0000-000000000000/locations/eastus2euap\"}]},\"availabilityZoneMappings\":[{\"logicalZone\":\"1\",\"physicalZone\":\"centraluseuap-az1\"},{\"logicalZone\":\"2\",\"physicalZone\":\"centraluseuap-az2\"}]},{\"id\":\"/subscriptions/00000000-0000-0000-0000-000000000000/locations/southcentralusstg\",\"name\":\"southcentralusstg\",\"type\":\"Region\",\"displayName\":\"South
        Central US STG\",\"regionalDisplayName\":\"(US) South Central US STG\",\"metadata\":{\"regionType\":\"Physical\",\"regionCategory\":\"Other\",\"geography\":\"Stage
        (US)\",\"geographyGroup\":\"US\",\"longitude\":\"-98.5\",\"latitude\":\"29.4167\",\"physicalLocation\":\"Texas\",\"pairedRegion\":[{\"name\":\"eastusstg\",\"id\":\"/subscriptions/00000000-0000-0000-0000-000000000000/locations/eastusstg\"}]}},{\"id\":\"/subscriptions/00000000-0000-0000-0000-000000000000/locations/westcentralus\",\"name\":\"westcentralus\",\"type\":\"Region\",\"displayName\":\"West
        Central US\",\"regionalDisplayName\":\"(US) West Central US\",\"metadata\":{\"regionType\":\"Physical\",\"regionCategory\":\"Other\",\"geography\":\"United
        States\",\"geographyGroup\":\"US\",\"longitude\":\"-110.234\",\"latitude\":\"40.89\",\"physicalLocation\":\"Wyoming\",\"pairedRegion\":[{\"name\":\"westus2\",\"id\":\"/subscriptions/00000000-0000-0000-0000-000000000000/locations/westus2\"}]}},{\"id\":\"/subscriptions/00000000-0000-0000-0000-000000000000/locations/southafricawest\",\"name\":\"southafricawest\",\"type\":\"Region\",\"displayName\":\"South
        Africa West\",\"regionalDisplayName\":\"(Africa) South Africa West\",\"metadata\":{\"regionType\":\"Physical\",\"regionCategory\":\"Other\",\"geography\":\"South
        Africa\",\"geographyGroup\":\"Africa\",\"longitude\":\"18.843266\",\"latitude\":\"-34.075691\",\"physicalLocation\":\"Cape
        Town\",\"pairedRegion\":[{\"name\":\"southafricanorth\",\"id\":\"/subscriptions/00000000-0000-0000-0000-000000000000/locations/southafricanorth\"}]}},{\"id\":\"/subscriptions/00000000-0000-0000-0000-000000000000/locations/australiacentral\",\"name\":\"australiacentral\",\"type\":\"Region\",\"displayName\":\"Australia
        Central\",\"regionalDisplayName\":\"(Asia Pacific) Australia Central\",\"metadata\":{\"regionType\":\"Physical\",\"regionCategory\":\"Other\",\"geography\":\"Australia\",\"geographyGroup\":\"Asia
        Pacific\",\"longitude\":\"149.1244\",\"latitude\":\"-35.3075\",\"physicalLocation\":\"Canberra\",\"pairedRegion\":[{\"name\":\"australiacentral2\",\"id\":\"/subscriptions/00000000-0000-0000-0000-000000000000/locations/australiacentral2\"}]}},{\"id\":\"/subscriptions/00000000-0000-0000-0000-000000000000/locations/australiacentral2\",\"name\":\"australiacentral2\",\"type\":\"Region\",\"displayName\":\"Australia
        Central 2\",\"regionalDisplayName\":\"(Asia Pacific) Australia Central 2\",\"metadata\":{\"regionType\":\"Physical\",\"regionCategory\":\"Other\",\"geography\":\"Australia\",\"geographyGroup\":\"Asia
        Pacific\",\"longitude\":\"149.1244\",\"latitude\":\"-35.3075\",\"physicalLocation\":\"Canberra\",\"pairedRegion\":[{\"name\":\"australiacentral\",\"id\":\"/subscriptions/00000000-0000-0000-0000-000000000000/locations/australiacentral\"}]}},{\"id\":\"/subscriptions/00000000-0000-0000-0000-000000000000/locations/australiasoutheast\",\"name\":\"australiasoutheast\",\"type\":\"Region\",\"displayName\":\"Australia
        Southeast\",\"regionalDisplayName\":\"(Asia Pacific) Australia Southeast\",\"metadata\":{\"regionType\":\"Physical\",\"regionCategory\":\"Other\",\"geography\":\"Australia\",\"geographyGroup\":\"Asia
        Pacific\",\"longitude\":\"144.9631\",\"latitude\":\"-37.8136\",\"physicalLocation\":\"Victoria\",\"pairedRegion\":[{\"name\":\"australiaeast\",\"id\":\"/subscriptions/00000000-0000-0000-0000-000000000000/locations/australiaeast\"}]}},{\"id\":\"/subscriptions/00000000-0000-0000-0000-000000000000/locations/jioindiacentral\",\"name\":\"jioindiacentral\",\"type\":\"Region\",\"displayName\":\"Jio
        India Central\",\"regionalDisplayName\":\"(Asia Pacific) Jio India Central\",\"metadata\":{\"regionType\":\"Physical\",\"regionCategory\":\"Other\",\"geography\":\"India\",\"geographyGroup\":\"Asia
        Pacific\",\"longitude\":\"79.08886\",\"latitude\":\"21.146633\",\"physicalLocation\":\"Nagpur\",\"pairedRegion\":[{\"name\":\"jioindiawest\",\"id\":\"/subscriptions/00000000-0000-0000-0000-000000000000/locations/jioindiawest\"}]}},{\"id\":\"/subscriptions/00000000-0000-0000-0000-000000000000/locations/koreasouth\",\"name\":\"koreasouth\",\"type\":\"Region\",\"displayName\":\"Korea
        South\",\"regionalDisplayName\":\"(Asia Pacific) Korea South\",\"metadata\":{\"regionType\":\"Physical\",\"regionCategory\":\"Other\",\"geography\":\"Korea\",\"geographyGroup\":\"Asia
        Pacific\",\"longitude\":\"129.0756\",\"latitude\":\"35.1796\",\"physicalLocation\":\"Busan\",\"pairedRegion\":[{\"name\":\"koreacentral\",\"id\":\"/subscriptions/00000000-0000-0000-0000-000000000000/locations/koreacentral\"}]}},{\"id\":\"/subscriptions/00000000-0000-0000-0000-000000000000/locations/southindia\",\"name\":\"southindia\",\"type\":\"Region\",\"displayName\":\"South
        India\",\"regionalDisplayName\":\"(Asia Pacific) South India\",\"metadata\":{\"regionType\":\"Physical\",\"regionCategory\":\"Other\",\"geography\":\"India\",\"geographyGroup\":\"Asia
        Pacific\",\"longitude\":\"80.1636\",\"latitude\":\"12.9822\",\"physicalLocation\":\"Chennai\",\"pairedRegion\":[{\"name\":\"centralindia\",\"id\":\"/subscriptions/00000000-0000-0000-0000-000000000000/locations/centralindia\"}]}},{\"id\":\"/subscriptions/00000000-0000-0000-0000-000000000000/locations/westindia\",\"name\":\"westindia\",\"type\":\"Region\",\"displayName\":\"West
        India\",\"regionalDisplayName\":\"(Asia Pacific) West India\",\"metadata\":{\"regionType\":\"Physical\",\"regionCategory\":\"Other\",\"geography\":\"India\",\"geographyGroup\":\"Asia
        Pacific\",\"longitude\":\"72.868\",\"latitude\":\"19.088\",\"physicalLocation\":\"Mumbai\",\"pairedRegion\":[{\"name\":\"southindia\",\"id\":\"/subscriptions/00000000-0000-0000-0000-000000000000/locations/southindia\"}]}},{\"id\":\"/subscriptions/00000000-0000-0000-0000-000000000000/locations/canadaeast\",\"name\":\"canadaeast\",\"type\":\"Region\",\"displayName\":\"Canada
        East\",\"regionalDisplayName\":\"(Canada) Canada East\",\"metadata\":{\"regionType\":\"Physical\",\"regionCategory\":\"Other\",\"geography\":\"Canada\",\"geographyGroup\":\"Canada\",\"longitude\":\"-71.217\",\"latitude\":\"46.817\",\"physicalLocation\":\"Quebec\",\"pairedRegion\":[{\"name\":\"canadacentral\",\"id\":\"/subscriptions/00000000-0000-0000-0000-000000000000/locations/canadacentral\"}]}},{\"id\":\"/subscriptions/00000000-0000-0000-0000-000000000000/locations/francesouth\",\"name\":\"francesouth\",\"type\":\"Region\",\"displayName\":\"France
        South\",\"regionalDisplayName\":\"(Europe) France South\",\"metadata\":{\"regionType\":\"Physical\",\"regionCategory\":\"Other\",\"geography\":\"France\",\"geographyGroup\":\"Europe\",\"longitude\":\"2.1972\",\"latitude\":\"43.8345\",\"physicalLocation\":\"Marseille\",\"pairedRegion\":[{\"name\":\"francecentral\",\"id\":\"/subscriptions/00000000-0000-0000-0000-000000000000/locations/francecentral\"}]}},{\"id\":\"/subscriptions/00000000-0000-0000-0000-000000000000/locations/germanynorth\",\"name\":\"germanynorth\",\"type\":\"Region\",\"displayName\":\"Germany
        North\",\"regionalDisplayName\":\"(Europe) Germany North\",\"metadata\":{\"regionType\":\"Physical\",\"regionCategory\":\"Other\",\"geography\":\"Germany\",\"geographyGroup\":\"Europe\",\"longitude\":\"8.806422\",\"latitude\":\"53.073635\",\"physicalLocation\":\"Berlin\",\"pairedRegion\":[{\"name\":\"germanywestcentral\",\"id\":\"/subscriptions/00000000-0000-0000-0000-000000000000/locations/germanywestcentral\"}]}},{\"id\":\"/subscriptions/00000000-0000-0000-0000-000000000000/locations/norwaywest\",\"name\":\"norwaywest\",\"type\":\"Region\",\"displayName\":\"Norway
        West\",\"regionalDisplayName\":\"(Europe) Norway West\",\"metadata\":{\"regionType\":\"Physical\",\"regionCategory\":\"Other\",\"geography\":\"Norway\",\"geographyGroup\":\"Europe\",\"longitude\":\"5.733107\",\"latitude\":\"58.969975\",\"physicalLocation\":\"Norway\",\"pairedRegion\":[{\"name\":\"norwayeast\",\"id\":\"/subscriptions/00000000-0000-0000-0000-000000000000/locations/norwayeast\"}]}},{\"id\":\"/subscriptions/00000000-0000-0000-0000-000000000000/locations/switzerlandwest\",\"name\":\"switzerlandwest\",\"type\":\"Region\",\"displayName\":\"Switzerland
        West\",\"regionalDisplayName\":\"(Europe) Switzerland West\",\"metadata\":{\"regionType\":\"Physical\",\"regionCategory\":\"Other\",\"geography\":\"Switzerland\",\"geographyGroup\":\"Europe\",\"longitude\":\"6.143158\",\"latitude\":\"46.204391\",\"physicalLocation\":\"Geneva\",\"pairedRegion\":[{\"name\":\"switzerlandnorth\",\"id\":\"/subscriptions/00000000-0000-0000-0000-000000000000/locations/switzerlandnorth\"}]}},{\"id\":\"/subscriptions/00000000-0000-0000-0000-000000000000/locations/uaecentral\",\"name\":\"uaecentral\",\"type\":\"Region\",\"displayName\":\"UAE
        Central\",\"regionalDisplayName\":\"(Middle East) UAE Central\",\"metadata\":{\"regionType\":\"Physical\",\"regionCategory\":\"Other\",\"geography\":\"UAE\",\"geographyGroup\":\"Middle
        East\",\"longitude\":\"54.366669\",\"latitude\":\"24.466667\",\"physicalLocation\":\"Abu
        Dhabi\",\"pairedRegion\":[{\"name\":\"uaenorth\",\"id\":\"/subscriptions/00000000-0000-0000-0000-000000000000/locations/uaenorth\"}]}},{\"id\":\"/subscriptions/00000000-0000-0000-0000-000000000000/locations/brazilsoutheast\",\"name\":\"brazilsoutheast\",\"type\":\"Region\",\"displayName\":\"Brazil
        Southeast\",\"regionalDisplayName\":\"(South America) Brazil Southeast\",\"metadata\":{\"regionType\":\"Physical\",\"regionCategory\":\"Other\",\"geography\":\"Brazil\",\"geographyGroup\":\"South
        America\",\"longitude\":\"-43.2075\",\"latitude\":\"-22.90278\",\"physicalLocation\":\"Rio\",\"pairedRegion\":[{\"name\":\"brazilsouth\",\"id\":\"/subscriptions/00000000-0000-0000-0000-000000000000/locations/brazilsouth\"}]}},{\"id\":\"/subscriptions/00000000-0000-0000-0000-000000000000/locations/ukwest\",\"name\":\"ukwest\",\"type\":\"Region\",\"displayName\":\"UK
        West\",\"regionalDisplayName\":\"(UK) UK West\",\"metadata\":{\"regionType\":\"Physical\",\"regionCategory\":\"Other\",\"geography\":\"United
        Kingdom\",\"geographyGroup\":\"UK\",\"longitude\":\"-3.084\",\"latitude\":\"53.427\",\"physicalLocation\":\"Cardiff\",\"pairedRegion\":[{\"name\":\"uksouth\",\"id\":\"/subscriptions/00000000-0000-0000-0000-000000000000/locations/uksouth\"}]}}]}"
    headers:
      cache-control:
      - no-cache
      content-length:
      - '47413'
      content-type:
      - application/json; charset=utf-8
      date:
      - Mon, 02 Feb 2026 09:22:33 GMT
      expires:
      - '-1'
      pragma:
      - no-cache
      strict-transport-security:
      - max-age=31536000; includeSubDomains
      x-cache:
      - CONFIG_NOCACHE
      x-content-type-options:
      - nosniff
      x-ms-ratelimit-remaining-subscription-global-reads:
      - '3749'
      x-msedge-ref:
      - 'Ref A: E1CCEB1E43594E5982C5D7AF5601AC0E Ref B: PNQ231110909054 Ref C: 2026-02-02T09:22:32Z'
    status:
      code: 200
      message: OK
- request:
    body: '{"location": "eastus", "properties": {"delegatedSubnetCidr": "10.0.0.0/24",
      "delegatedSubnetId": "/subscriptions/00000000-0000-0000-0000-000000000000/resourceGroups/praveensingh-test/providers/Microsoft.Network/virtualNetworks/test-vnet-eastus/subnets/default",
      "dellReferenceNumber": "100438419", "encryption": {"encryptionType": "Microsoft-managed
      keys (MMK)"}, "marketplace": {"endDate": "06/23/2026 00:00:00", "marketplaceSubscriptionId":
      "87a1a6c0-0bf4-4ee6-d6db-79bc4d301f1d", "offerId": "thunderscaletest", "planId":
      "testplan", "planName": "Premium", "publisherId": "dellemc", "termUnit": "P1Y"},
      "user": {"email": "test@example.com"}}, "tags": {"DEPLOYMENT_MODE": "SkipProvision"}}'
    headers:
      Accept:
      - application/json
      Accept-Encoding:
      - gzip, deflate
      CommandName:
      - dell filesystem create
      Connection:
      - keep-alive
      Content-Length:
      - '690'
      Content-Type:
      - application/json
      ParameterSetName:
      - --resource-group --filesystem-name --location --delegated-subnet-id --delegated-subnet-cidr
        --marketplace --user --dell-reference-number --encryption --tags
      User-Agent:
      - AZURECLI/2.83.0 azsdk-python-core/1.38.0 Python/3.12.12 (Linux-6.8.0-1030-azure-x86_64-with-glibc2.41)
    method: PUT
    uri: https://management.azure.com/subscriptions/00000000-0000-0000-0000-000000000000/resourceGroups/cli_test_dell000001/providers/Dell.Storage/filesystems/dellfs000002?api-version=2025-03-21
  response:
    body:
      string: '{"error":{"code":"ResourceCreationValidateFailed","message":"Unable
        to validate Dell Reference Number. Please confirm the number and try again.
        If problem persists, please contact Dell sales representative. "}}'
    headers:
      cache-control:
      - no-cache
      content-length:
      - '210'
      content-type:
      - application/json
      date:
      - Mon, 02 Feb 2026 09:22:55 GMT
      expires:
      - '-1'
      mise-correlation-id:
      - 488f20d5-e69f-4034-b1fa-ce4f2aec1a0d
      pragma:
      - no-cache
      strict-transport-security:
      - max-age=31536000; includeSubDomains
      x-cache:
      - CONFIG_NOCACHE
      x-content-type-options:
      - nosniff
      x-ms-failure-cause:
      - gateway
      x-ms-operation-identifier:
      - appId=f4b58fb6-6506-45af-b55e-46a4f3ea839b,tenantId=888d76fa-54b2-4ced-8ee5-aac1585adee7,objectId=363aa9df-c691-48e1-bcd6-b89441b332e3/jioindiawest/25e2858c-4165-4e1e-9044-8ed37820ef88
      x-ms-providerhub-traffic:
      - 'True'
      x-ms-ratelimit-remaining-subscription-global-writes:
      - '2999'
      x-ms-ratelimit-remaining-subscription-writes:
      - '199'
      x-msedge-ref:
      - 'Ref A: 1883344EFAB2420FAFF572E9DA8D79B7 Ref B: PNQ231110909036 Ref C: 2026-02-02T09:22:34Z'
    status:
      code: 400
      message: Bad Request
version: 1
